{
  "num_trips": 5,
  "num_stops": 5,
  "bus_capacity": 100,
  "original_dispatch_list": [
      600,
      1200,
      1800,
      2400,
      3000
  ],
  "coordinates_list": [
      [
          45.492786,
          -122.401855
      ],
      [
          45.500866,
          -122.42799
      ],
      [
          45.50276,
          -122.42709
      ],
      [
          45.49802,
          -122.421265
      ],
      [
          45.49153,
          -122.39884
      ]
  ],
  "dwell_matrix": {
      "1,1": 0,
      "1,2": 800,
      "1,3": 100,
      "1,4": 40,
      "1,5": 0,
      "2,1": 0,
      "2,2": 533,
      "2,3": 100,
      "2,4": 0,
      "2,5": 0,
      "3,1": 0,
      "3,2": 267,
      "3,3": 100,
      "3,4": 0,
      "3,5": 0,
      "4,1": 0,
      "4,2": 0,
      "4,3": 100,
      "4,4": 0,
      "4,5": 0,
      "5,1": 0,
      "5,2": 0,
      "5,3": 0,
      "5,4": 0,
      "5,5": 0
  },
  "busload_matrix": {
      "1,1": 0,
      "1,2": 5,
      "1,3": 100,
      "1,4": 100,
      "1,5": 91,
      "2,1": 0,
      "2,2": 15,
      "2,3": 100,
      "2,4": 100,
      "2,5": 100,
      "3,1": 0,
      "3,2": 15,
      "3,3": 100,
      "3,4": 100,
      "3,5": 100,
      "4,1": 0,
      "4,2": 15,
      "4,3": 100,
      "4,4": 100,
      "4,5": 100,
      "5,1": 0,
      "5,2": 32,
      "5,3": 100,
      "5,4": 100,
      "5,5": 100
  },
  "arrival_matrix": {
      "1,2": 2200,
      "1,3": 3200,
      "1,4": 3600,
      "1,5": 4040,
      "2,2": 2667,
      "2,3": 3400,
      "2,4": 3800,
      "2,5": 4200,
      "3,2": 3133,
      "3,3": 3600,
      "3,4": 4000,
      "3,5": 4400,
      "4,2": 3600,
      "4,3": 3800,
      "4,4": 4200,
      "4,5": 4600,
      "5,2": 4600,
      "5,3": 4800,
      "5,4": 5100,
      "5,5": 5500
  },
  "headway_matrix": {
      "1,2": 0,
      "1,3": 0,
      "1,4": 0,
      "1,5": 0,
      "2,2": 467,
      "2,3": 200,
      "2,4": 200,
      "2,5": 160,
      "3,2": 467,
      "3,3": 200,
      "3,4": 200,
      "3,5": 200,
      "4,2": 467,
      "4,3": 200,
      "4,4": 200,
      "4,5": 200,
      "5,2": 1000,
      "5,3": 1000,
      "5,4": 900,
      "5,5": 900
  },
  "dispatch_list": {
      "1": 2100,
      "2": 2567,
      "3": 3033,
      "4": 3500,
      "5": 4500
  }
}