{
    "num_trips": 4,
    "num_stops": 42,
    "bus_capacity": 100,
    "original_dispatch_list": [
        73200,
        73920,
        74640,
        75360
    ],
    "coordinates_list": [
        [
            45.503106,
            -122.418964
        ],
        [
            45.503543,
            -122.426109
        ],
        [
            45.504597,
            -122.436563
        ],
        [
            45.504618,
            -122.441835
        ],
        [
            45.504573,
            -122.449019
        ],
        [
            45.504572,
            -122.462292
        ],
        [
            45.504692,
            -122.477085
        ],
        [
            45.504699,
            -122.484379
        ],
        [
            45.504701,
            -122.490105
        ],
        [
            45.504694,
            -122.496144
        ],
        [
            45.504523,
            -122.502125
        ],
        [
            45.504343,
            -122.51018
        ],
        [
            45.504233,
            -122.516993
        ],
        [
            45.504167,
            -122.525128
        ],
        [
            45.50417,
            -122.529723
        ],
        [
            45.504221,
            -122.53817
        ],
        [
            45.504276,
            -122.54419
        ],
        [
            45.50432,
            -122.548804
        ],
        [
            45.504423,
            -122.560019
        ],
        [
            45.504577,
            -122.567451
        ],
        [
            45.504706,
            -122.575383
        ],
        [
            45.505058,
            -122.579137
        ],
        [
            45.505466,
            -122.586166
        ],
        [
            45.505446,
            -122.594449
        ],
        [
            45.50541,
            -122.602547
        ],
        [
            45.505374,
            -122.610346
        ],
        [
            45.505324,
            -122.618403
        ],
        [
            45.504846,
            -122.62304
        ],
        [
            45.504824,
            -122.630064
        ],
        [
            45.504842,
            -122.634513
        ],
        [
            45.504859,
            -122.639912
        ],
        [
            45.504888,
            -122.645979
        ],
        [
            45.504921,
            -122.655159
        ],
        [
            45.506602,
            -122.663155
        ],
        [
            45.502618,
            -122.671791
        ],
        [
            45.508043,
            -122.679711
        ],
        [
            45.510133,
            -122.682088
        ],
        [
            45.514267,
            -122.681095
        ],
        [
            45.517604,
            -122.679316
        ],
        [
            45.520931,
            -122.677521
        ],
        [
            45.525725,
            -122.676441
        ],
        [
            45.528015,
            -122.675854
        ]
    ],
    "stop_ids_list": [
        "14232",
        "14233",
        "14234",
        "1316",
        "9425",
        "1334",
        "14235",
        "1423",
        "14236",
        "1416",
        "14237",
        "9263",
        "1396",
        "1390",
        "1387",
        "1381",
        "14238",
        "14239",
        "1360",
        "13298",
        "1501",
        "1499",
        "14240",
        "1482",
        "14241",
        "14242",
        "10613",
        "1459",
        "1452",
        "1448",
        "1442",
        "14243",
        "14244",
        "13773",
        "13733",
        "3398",
        "13780",
        "11486",
        "7800",
        "7797",
        "9300",
        "3007"
    ],
    "stop_names_list": [
        "Cleveland Ave Park & Ride",
        "Gresham Central Transit Center",
        "Gresham City Hall Park & Ride",
        "NW Division & Civic Dr",
        "NW Division & Angeline Ave",
        "NW Division & Eastwood Ave",
        "18000 Block SE Division",
        "SE Division & 174th Ave",
        "SE Division & 168th Ave",
        "SE Division & 162nd Ave",
        "SE Division & 157th Ave",
        "SE Division & 148th Ave",
        "SE Division & 142nd Ave",
        "SE Division & 135th Ave",
        "SE Division & 130th Ave",
        "SE Division & 122nd Ave",
        "SE Division & 116th Ave",
        "11100 Block SE Division",
        "SE Division & 101st Ave",
        "SE Division & SE Division St MAX Station",
        "SE Division & 85th Ave",
        "SE Division & 82nd Ave",
        "SE Division & 75th Ave",
        "SE Division & 67th Ave",
        "SE Division & 59th Ave",
        "SE Division & 51st Ave",
        "SE Division & 43rd Ave",
        "SE Division & Cesar Chavez Blvd",
        "SE Division & 34th Ave",
        "SE Division & 30th Ave",
        "SE Division & 26th Ave",
        "SE Division & 20th Ave",
        "SE Division & 11th Ave",
        "OMSI/SE Water",
        "South Waterfront/S Moody",
        "SW Lincoln & 1st",
        "SW Hall & 5th",
        "SW 6th & Columbia",
        "SW 6th & Taylor",
        "SW 6th & Harvey Milk",
        "NW 6th & Flanders",
        "NW Irving & 5th"
    ],
    "prev_arrival_list": [
        72410,
        73075,
        73165,
        73333,
        73411,
        73483,
        73609,
        73759,
        73853,
        73940,
        73969,
        74063,
        74141,
        74249,
        74333,
        74426,
        74546,
        74630,
        74720,
        74811,
        74870,
        74991,
        75021,
        75108,
        75180,
        75240,
        75330,
        75432,
        75540,
        75637,
        75727,
        75757,
        75850,
        75937,
        76087,
        76241,
        76541,
        76634,
        76845,
        76944,
        77103,
        77349
    ],
    "prev_dwell_list": [
        0,
        0,
        18,
        18,
        12,
        0,
        30,
        34,
        26,
        0,
        34,
        21,
        48,
        24,
        30,
        30,
        54,
        60,
        0,
        0,
        31,
        0,
        24,
        42,
        30,
        30,
        9,
        16,
        0,
        0,
        0,
        30,
        30,
        0,
        37,
        180,
        30,
        30,
        42,
        69,
        36
    ],
    "arrival_rate_list": [
        0.029,
        0.02,
        0.005,
        0.002,
        0.013,
        0.003,
        0.005,
        0.013,
        0.017,
        0.016,
        0.027,
        0.012,
        0.021,
        0.006,
        0.021,
        0.009,
        0.029,
        0.013,
        0.022,
        0.026,
        0.02,
        0.003,
        0.038,
        0.021,
        0.049,
        0.035,
        0.022,
        0.015,
        0.04,
        0.045,
        0.033,
        0.0,
        0.024,
        0.001,
        0.008,
        0.001,
        0.015,
        0.025,
        0.02,
        0.019,
        0.025,
        0
    ],
    "alighting_percentage_list": [
        0,
        0.461,
        0.34,
        0.138,
        0.125,
        0.275,
        0.129,
        0.2,
        0.248,
        0.107,
        0.29200000000000004,
        0.322,
        0.29,
        0.467,
        0.295,
        0.492,
        0.224,
        0.063,
        0.189,
        0.418,
        0.324,
        0.549,
        0.905,
        0.404,
        0.61,
        0.749,
        0.452,
        0.809,
        0.195,
        0.621,
        0.935,
        0.828,
        0.782,
        0.267,
        0.042,
        0.038,
        0.961,
        0.589,
        0.249,
        0.658,
        1
    ],
    "boarding_duration": 2,
    "alighting_duration": 2,