{
    "num_trips": 5,
    "num_stops": 5,
    "bus_capacity": 100,
    "original_dispatch_list": [
        600,
        1200,
        1800,
        2400,
        3000
    ],
    "coordinates_list": [
        [
            45.492786,
            -122.401855
        ],
        [
            45.500866,
            -122.42799
        ],
        [
            45.50276,
            -122.42709
        ],
        [
            45.49802,
            -122.421265
        ],
        [
            45.49153,
            -122.39884
        ]
    ],
    "dwell_matrix": {
        "1,1": 0,
        "1,2": 61,
        "1,3": 266,
        "1,4": 116,
        "1,5": 0,
        "2,1": 0,
        "2,2": 62,
        "2,3": 218,
        "2,4": 93,
        "2,5": 0,
        "3,1": 0,
        "3,2": 60,
        "3,3": 220,
        "3,4": 96,
        "3,5": 0,
        "4,1": 0,
        "4,2": 53,
        "4,3": 188,
        "4,4": 81,
        "4,5": 0,
        "5,1": 0,
        "5,2": 67,
        "5,3": 257,
        "5,4": 115,
        "5,5": 0
    },
    "busload_matrix": {
        "1,1": 0,
        "1,2": 20,
        "1,3": 47,
        "1,4": 133,
        "1,5": 138,
        "2,1": 0,
        "2,2": 30,
        "2,3": 55,
        "2,4": 109,
        "2,5": 112,
        "3,1": 0,
        "3,2": 29,
        "3,3": 53,
        "3,4": 110,
        "3,5": 114,
        "4,1": 0,
        "4,2": 26,
        "4,3": 47,
        "4,4": 94,
        "4,5": 97,
        "5,1": 0,
        "5,2": 32,
        "5,3": 59,
        "5,4": 128,
        "5,5": 135
    },
    "arrival_matrix": {
        "1,2": 929,
        "1,3": 1190,
        "1,4": 1756,
        "1,5": 2272,
        "2,2": 1871,
        "2,3": 2133,
        "2,4": 2651,
        "2,5": 3144,
        "3,2": 2786,
        "3,3": 3047,
        "3,4": 3567,
        "3,5": 4063,
        "4,2": 3600,
        "4,3": 3853,
        "4,4": 4341,
        "4,5": 4822,
        "5,2": 4600,
        "5,3": 4867,
        "5,4": 5423,
        "5,5": 5939
    },
    "dispatch_list": {
        "1": 829,
        "2": 1771,
        "3": 2686,
        "4": 3500,
        "5": 4500
    }
}