{
    "num_trips": 5,
    "num_stops": 5,
    "bus_capacity": 100,
    "original_dispatch_list": [
        600,
        1200,
        1800,
        2400,
        3000
    ],
    "coordinates_list": [
        [
            45.492786,
            -122.401855
        ],
        [
            45.500866,
            -122.42799
        ],
        [
            45.50276,
            -122.42709
        ],
        [
            45.49802,
            -122.421265
        ],
        [
            45.49153,
            -122.39884
        ]
    ],
    "dwell_matrix": {
        "1,1": 0,
        "1,2": 11,
        "1,3": 30,
        "1,4": 28,
        "1,5": 0,
        "2,1": 0,
        "2,2": 53,
        "2,3": 233,
        "2,4": 109,
        "2,5": 0,
        "3,1": 0,
        "3,2": 61,
        "3,3": 221,
        "3,4": 95,
        "3,5": 0,
        "4,1": 0,
        "4,2": 53,
        "4,3": 189,
        "4,4": 81,
        "4,5": 0,
        "5,1": 0,
        "5,2": 67,
        "5,3": 257,
        "5,4": 115,
        "5,5": 0
    },
    "busload_matrix": {
        "1,1": 0,
        "1,2": 5,
        "1,3": 10,
        "1,4": 15,
        "1,5": 23,
        "2,1": 0,
        "2,2": 24,
        "2,3": 46,
        "2,4": 117,
        "2,5": 125,
        "3,1": 0,
        "3,2": 29,
        "3,3": 54,
        "3,4": 110,
        "3,5": 114,
        "4,1": 0,
        "4,2": 26,
        "4,3": 47,
        "4,4": 94,
        "4,5": 97,
        "5,1": 0,
        "5,2": 32,
        "5,3": 59,
        "5,4": 128,
        "5,5": 134
    },
    "arrival_matrix": {
        "1,2": 1096,
        "1,3": 1307,
        "1,4": 1637,
        "1,5": 2065,
        "2,2": 1863,
        "2,3": 2116,
        "2,4": 2649,
        "2,5": 3159,
        "3,2": 2783,
        "3,3": 3044,
        "3,4": 3565,
        "3,5": 4060,
        "4,2": 3600,
        "4,3": 3853,
        "4,4": 4342,
        "4,5": 4823,
        "5,2": 4600,
        "5,3": 4867,
        "5,4": 5423,
        "5,5": 5938
    },
    "dispatch_list": {
        "1": 996,
        "2": 1763,
        "3": 2683,
        "4": 3500,
        "5": 4500
    }
}