{
    "num_trips": 5,
    "num_stops": 5,
    "bus_capacity": 100,
    "original_dispatch_list": [
        600,
        1200,
        1800,
        2400,
        3000
    ],
    "coordinates_list": [
        [
            45.492786,
            -122.401855
        ],
        [
            45.500866,
            -122.42799
        ],
        [
            45.50276,
            -122.42709
        ],
        [
            45.49802,
            -122.421265
        ],
        [
            45.49153,
            -122.39884
        ]
    ],
    "dwell_matrix": {
        "1,1": 0,
        "1,2": 10,
        "1,3": 20,
        "1,4": 22,
        "1,5": 0,
        "2,1": 0,
        "2,2": 49,
        "2,3": 191,
        "2,4": 61,
        "2,5": 0,
        "3,1": 0,
        "3,2": 55,
        "3,3": 175,
        "3,4": 54,
        "3,5": 0,
        "4,1": 0,
        "4,2": 49,
        "4,3": 153,
        "4,4": 47,
        "4,5": 0,
        "5,1": 0,
        "5,2": 61,
        "5,3": 206,
        "5,4": 65,
        "5,5": 0
    },
    "busload_matrix": {
        "1,1": 0,
        "1,2": 5,
        "1,3": 10,
        "1,4": 15,
        "1,5": 23,
        "2,1": 0,
        "2,2": 25,
        "2,3": 47,
        "2,4": 119,
        "2,5": 126,
        "3,1": 0,
        "3,2": 29,
        "3,3": 54,
        "3,4": 114,
        "3,5": 118,
        "4,1": 0,
        "4,2": 26,
        "4,3": 48,
        "4,4": 100,
        "4,5": 104,
        "5,1": 0,
        "5,2": 32,
        "5,3": 59,
        "5,4": 133,
        "5,5": 138
    },
    "arrival_matrix": {
        "1,2": 1090,
        "1,3": 1300,
        "1,4": 1620,
        "1,5": 2042,
        "2,2": 1867,
        "2,3": 2116,
        "2,4": 2608,
        "2,5": 3069,
        "3,2": 2782,
        "3,3": 3037,
        "3,4": 3512,
        "3,5": 3966,
        "4,2": 3600,
        "4,3": 3849,
        "4,4": 4301,
        "4,5": 4748,
        "5,2": 4600,
        "5,3": 4861,
        "5,4": 5367,
        "5,5": 5832
    },
    "dispatch_list": {
        "1": 990,
        "2": 1767,
        "3": 2682,
        "4": 3500,
        "5": 4500
    }
}