{
    "num_trips": 5,
    "num_stops": 5,
    "original_dispatch_list": [
        600,
        1200,
        1800,
        2400,
        3000
    ],
    "coordinates_list": [
        [
            45.492786,
            -122.401855
        ],
        [
            45.500866,
            -122.42799
        ],
        [
            45.50276,
            -122.42709
        ],
        [
            45.49802,
            -122.421265
        ],
        [
            45.49153,
            -122.39884
        ]
    ],
    "dwell_matrix": {
        "1,1": 0,
        "1,2": 11,
        "1,3": 120,
        "1,4": 62,
        "1,5": 0,
        "2,1": 0,
        "2,2": 69,
        "2,3": 314,
        "2,4": 238,
        "2,5": 0,
        "3,1": 0,
        "3,2": 82,
        "3,3": 312,
        "3,4": 218,
        "3,5": 0,
        "4,1": 0,
        "4,2": 68,
        "4,3": 265,
        "4,4": 153,
        "4,5": 0,
        "5,1": 0,
        "5,2": 79,
        "5,3": 338,
        "5,4": 265,
        "5,5": 0
    },
    "busload_matrix": {
        "1,1": 0,
        "1,2": 5,
        "1,3": 100,
        "1,4": 100,
        "1,5": 100,
        "2,1": 0,
        "2,2": 100,
        "2,3": 114,
        "2,4": 157,
        "2,5": 213,
        "3,1": 0,
        "3,2": 100,
        "3,3": 121,
        "3,4": 156,
        "3,5": 203,
        "4,1": 0,
        "4,2": 100,
        "4,3": 114,
        "4,4": 132,
        "4,5": 156,
        "5,1": 0,
        "5,2": 100,
        "5,3": 120,
        "5,4": 169,
        "5,5": 234
    },
    "arrival_matrix": {
        "1,2": 1066,
        "1,3": 1277,
        "1,4": 1697,
        "1,5": 2159,
        "2,2": 1840,
        "2,3": 2109,
        "2,4": 2722,
        "2,5": 3360,
        "3,2": 2763,
        "3,3": 3045,
        "3,4": 3656,
        "3,5": 4275,
        "4,2": 3600,
        "4,3": 3868,
        "4,4": 4433,
        "4,5": 4986,
        "5,2": 4600,
        "5,3": 4879,
        "5,4": 5517,
        "5,5": 6182
    },
    "dispatch_list": {
        "1": 966,
        "2": 1740,
        "3": 2663,
        "4": 3500,
        "5": 4500
    }
}