{
    "num_trips": 5,
    "num_stops": 5,
    "bus_capacity": 100,
    "original_dispatch_list": [
        600,
        1200,
        1800,
        2400,
        3000
    ],
    "coordinates_list": [
        [
            45.492786,
            -122.401855
        ],
        [
            45.500866,
            -122.42799
        ],
        [
            45.50276,
            -122.42709
        ],
        [
            45.49802,
            -122.421265
        ],
        [
            45.49153,
            -122.39884
        ]
    ],
    "dwell_matrix": {
        "1,1": 0,
        "1,2": 11,
        "1,3": 30,
        "1,4": 28,
        "1,5": 0,
        "2,1": 0,
        "2,2": 56,
        "2,3": 245,
        "2,4": 151,
        "2,5": 0,
        "3,1": 0,
        "3,2": 57,
        "3,3": 198,
        "3,4": 81,
        "3,5": 0,
        "4,1": 0,
        "4,2": 53,
        "4,3": 193,
        "4,4": 84,
        "4,5": 0,
        "5,1": 0,
        "5,2": 149,
        "5,3": 317,
        "5,4": 229,
        "5,5": 0
    },
    "busload_matrix": {
        "1,1": 0,
        "1,2": 5,
        "1,3": 10,
        "1,4": 15,
        "1,5": 23,
        "2,1": 0,
        "2,2": 26,
        "2,3": 48,
        "2,4": 100,
        "2,5": 100,
        "3,1": 0,
        "3,2": 27,
        "3,3": 50,
        "3,4": 99,
        "3,5": 100,
        "4,1": 0,
        "4,2": 26,
        "4,3": 47,
        "4,4": 96,
        "4,5": 100,
        "5,1": 0,
        "5,2": 32,
        "5,3": 100,
        "5,4": 100,
        "5,5": 100
    },
    "arrival_matrix": {
        "1,2": 1127,
        "1,3": 1338,
        "1,4": 1667,
        "1,5": 2095,
        "2,2": 1933,
        "2,3": 2188,
        "2,4": 2734,
        "2,5": 3285,
        "3,2": 2791,
        "3,3": 3048,
        "3,4": 3545,
        "3,5": 4027,
        "4,2": 3600,
        "4,3": 3853,
        "4,4": 4346,
        "4,5": 4830,
        "5,2": 4600,
        "5,3": 4949,
        "5,4": 5566,
        "5,5": 6195
    },
    "dispatch_list": {
        "1": 1027,
        "2": 1833,
        "3": 2691,
        "4": 3500,
        "5": 4500
    }
}