{
    "num_trips": 5,
    "num_stops": 5,
    "bus_capacity": 100,
    "original_dispatch_list": [
        600,
        1200,
        1800,
        2400,
        3000
    ],
    "coordinates_list": [
        [
            45.492786,
            -122.401855
        ],
        [
            45.500866,
            -122.42799
        ],
        [
            45.50276,
            -122.42709
        ],
        [
            45.49802,
            -122.421265
        ],
        [
            45.49153,
            -122.39884
        ]
    ],
    "dwell_matrix": {
        "1,1": 0,
        "1,2": 10,
        "1,3": 20,
        "1,4": 22,
        "1,5": 0,
        "2,1": 0,
        "2,2": 161,
        "2,3": 195,
        "2,4": 158,
        "2,5": 0,
        "3,1": 0,
        "3,2": 147,
        "3,3": 173,
        "3,4": 120,
        "3,5": 0,
        "4,1": 0,
        "4,2": 48,
        "4,3": 150,
        "4,4": 42,
        "4,5": 0,
        "5,1": 0,
        "5,2": 143,
        "5,3": 227,
        "5,4": 199,
        "5,5": 0
    },
    "busload_matrix": {
        "1,1": 0,
        "1,2": 5,
        "1,3": 10,
        "1,4": 15,
        "1,5": 23,
        "2,1": 0,
        "2,2": 22,
        "2,3": 100,
        "2,4": 100,
        "2,5": 100,
        "3,1": 0,
        "3,2": 30,
        "3,3": 100,
        "3,4": 100,
        "3,5": 100,
        "4,1": 0,
        "4,2": 29,
        "4,3": 50,
        "4,4": 100,
        "4,5": 100,
        "5,1": 0,
        "5,2": 32,
        "5,3": 100,
        "5,4": 100,
        "5,5": 100
    },
    "arrival_matrix": {
        "1,2": 1088,
        "1,3": 1298,
        "1,4": 1618,
        "1,5": 2040,
        "2,2": 1770,
        "2,3": 2131,
        "2,4": 2626,
        "2,5": 3184,
        "3,2": 2701,
        "3,3": 3048,
        "3,4": 3521,
        "3,5": 4041,
        "4,2": 3600,
        "4,3": 3848,
        "4,4": 4298,
        "4,5": 4740,
        "5,2": 4600,
        "5,3": 4943,
        "5,4": 5469,
        "5,5": 6068
    },
    "dispatch_list": {
        "1": 988,
        "2": 1670,
        "3": 2601,
        "4": 3500,
        "5": 4500
    }
}