{
    "num_trips": 5,
    "num_stops": 5,
    "original_dispatch_list": [
        600,
        1200,
        1800,
        2400,
        3000
    ],
    "coordinates_list": [
        [
            45.492786,
            -122.401855
        ],
        [
            45.500866,
            -122.42799
        ],
        [
            45.50276,
            -122.42709
        ],
        [
            45.49802,
            -122.421265
        ],
        [
            45.49153,
            -122.39884
        ]
    ],
    "dwell_matrix": {
        "1,1": 0,
        "1,2": 10,
        "1,3": 100,
        "1,4": 40,
        "1,5": 0,
        "2,1": 0,
        "2,2": 51,
        "2,3": 213,
        "2,4": 188,
        "2,5": 0,
        "3,1": 0,
        "3,2": 72,
        "3,3": 220,
        "3,4": 192,
        "3,5": 0,
        "4,1": 0,
        "4,2": 49,
        "4,3": 171,
        "4,4": 122,
        "4,5": 0,
        "5,1": 0,
        "5,2": 61,
        "5,3": 242,
        "5,4": 224,
        "5,5": 0
    },
    "busload_matrix": {
        "1,1": 0,
        "1,2": 5,
        "1,3": 100,
        "1,4": 100,
        "1,5": 100,
        "2,1": 0,
        "2,2": 100,
        "2,3": 116,
        "2,4": 164,
        "2,5": 225,
        "3,1": 0,
        "3,2": 100,
        "3,3": 126,
        "3,4": 173,
        "3,5": 234,
        "4,1": 0,
        "4,2": 100,
        "4,3": 114,
        "4,4": 143,
        "4,5": 175,
        "5,1": 0,
        "5,2": 100,
        "5,3": 120,
        "5,4": 181,
        "5,5": 257
    },
    "arrival_matrix": {
        "1,2": 1056,
        "1,3": 1266,
        "1,4": 1666,
        "1,5": 2106,
        "2,2": 1872,
        "2,3": 2123,
        "2,4": 2636,
        "2,5": 3224,
        "3,2": 2763,
        "3,3": 3035,
        "3,4": 3555,
        "3,5": 4147,
        "4,2": 3600,
        "4,3": 3849,
        "4,4": 4320,
        "4,5": 4842,
        "5,2": 4600,
        "5,3": 4861,
        "5,4": 5403,
        "5,5": 6026
    },
    "dispatch_list": {
        "1": 956,
        "2": 1772,
        "3": 2663,
        "4": 3500,
        "5": 4500
    }
}